<?xml version="1.0" encoding="UTF-8"?>
<!DOCTYPE codetemplates PUBLIC "-//NetBeans//DTD Editor Code Templates settings 1.0//EN" "http://www.netbeans.org/dtds/EditorCodeTemplates-1_0.dtd">
<codetemplates>
    <codetemplate abbreviation="ifis" xml:space="preserve">
        <code><![CDATA[ if(isset()){}]]></code>
    </codetemplate>
    <codetemplate abbreviation="loopdata" xml:space="preserve">
        <code><![CDATA[if ($resultPost != FALSE) {
                                 while ($row = mysqli_fetch_assoc($resultPost)) {
                                     
                                 }}]]></code>
    </codetemplate>
    <codetemplate abbreviation="echopre" xml:space="preserve">
        <code><![CDATA[echo '<tt><pre>'.var_export($response, TRUE).'</pre></tt>';]]></code>
    </codetemplate>
</codetemplates>
